{
  "weights": [
    0.11493481533937869,
    0.5130988617742145
  ],
  "bias": -0.29315947403920095
}