{
  "weights": [
    -0.7621424718844257,
    -0.013443420934314292
  ],
  "bias": 0.32219013648166905
}