{
  "weights": [
    0.019905420266476695,
    0.6052437201852067
  ],
  "bias": -0.2759722134211894
}