{
  "outputLayerBias": -0.06592226815493701,
  "outputLayerWeights": [
    0.5337739896424528,
    0.7613072920660521,
    0.08901169914704099
  ],
  "hiddenLayerBias": [
    -5.721836004195167,
    -5.463241348587556,
    -1.4126908673496938
  ],
  "hiddenLayerWeights": [
    [
      -2.5605007930299712,
      -0.33739804269046264
    ],
    [
      -2.714007185223814,
      8.382957144290023
    ],
    [
      -0.33593172647700364,
      3.3334903264270097
    ]
  ]
}