{
  "outputLayerBias": -0.04413672294256465,
  "outputLayerWeights": [
    0.3354442310662971,
    0.9364112699740328,
    0.08169160189197519,
    0.5157725298196105,
    -0.9194773419482173
  ],
  "hiddenLayerBias": [
    -3.578494775542378,
    -9.255345315960017,
    -1.2300469725302359,
    -4.7778348816571095,
    9.628487594073317
  ],
  "hiddenLayerWeights": [
    [
      -2.346585191133877,
      10.12340619586033
    ],
    [
      -5.795835051213209,
      25.439816280920056
    ],
    [
      -0.7677979108707049,
      3.2110333558602373
    ],
    [
      -2.8877186680038673,
      1.0685562797408006
    ],
    [
      4.240284252348876,
      -24.414174914698958
    ]
  ]
}