{
  "outputLayerBias": -2.0243632840292753,
  "outputLayerWeights": [
    0.7711261538605098,
    0.494983335052241,
    0.5728292775189789,
    0.7129707994260813,
    0.6669297740176896,
    0.5868130638523311,
    0.8321531552936586,
    0.8474453774808935,
    0.33104562266227744,
    0.568863261980051
  ],
  "hiddenLayerBias": [
    18.211513065364095,
    11.737343574060962,
    11.694546443286484,
    8.837920468276486,
    -2.4241625667447773,
    14.83744137657542,
    12.18883893841643,
    -0.521354238123207,
    6.670284704925995,
    11.490327211923217
  ],
  "hiddenLayerWeights": [
    [
      -38.356999191142414,
      2.2248470849100457
    ],
    [
      -26.150021897536817,
      1.0432284165266528
    ],
    [
      -27.535157292527064,
      3.9287783066864104
    ],
    [
      -23.753075301694302,
      0.5228870025976884
    ],
    [
      -3.94001408570698,
      -1.806494689633158
    ],
    [
      -32.39163651135809,
      0.7736304119209756
    ],
    [
      -47.246211195604374,
      2.7401051844453965
    ],
    [
      -7.058933117847633,
      -3.506524690271128
    ],
    [
      -17.546490057485432,
      0.735833032851687
    ],
    [
      -26.278469660466598,
      3.2083885116227835
    ]
  ]
}