{
  "weights": [
    0.36515911960958924,
    0.1299046321265239
  ],
  "bias": 0.38939649951746935
}