{
  "weights": [
    0.3637814534142162,
    0.8004541046739101
  ],
  "bias": 0.47170209106455496
}