{
  "weights": [
    0.025810716106381547,
    0.5680169992911566
  ],
  "bias": -0.23610707662627087
}